{
  "Disabled": false,
  "Testing": false,
  "ScheduledForDeletion": false,
  "InstalledFromUrl": "",
  "WorkingPluginId": "64b56745-d478-4ecc-84ab-efe6969474fa",
  "IsThirdParty": false,
  "EffectiveVersion": "1.3.1.0",
  "Author": "Ninja-Predator",
  "Name": "HousingPosNoPants",
  "Punchline": "A housing tool",
  "Description": "Automatically save/load the positions of housing furnitures.",
  "Changelog": null,
  "Tags": [
    "housing"
  ],
  "CategoryTags": null,
  "IsHide": false,
  "InternalName": "HousingPos",
  "AssemblyVersion": "1.3.1.0",
  "TestingAssemblyVersion": null,
  "IsTestingExclusive": false,
  "RepoUrl": "NaN",
  "ApplicableVersion": "any",
  "DalamudApiLevel": 8,
  "DownloadCount": 0,
  "LastUpdate": 0,
  "DownloadLinkInstall": null,
  "DownloadLinkUpdate": null,
  "DownloadLinkTesting": null,
  "LoadRequiredState": 0,
  "LoadSync": false,
  "LoadPriority": 0,
  "CanUnloadAsync": false,
  "SupportsProfiles": true,
  "ImageUrls": null,
  "IconUrl": null,
  "AcceptsFeedback": true,
  "FeedbackMessage": null,
  "_Dip17Channel": null
}